table-1603-378-22	0	7,800	1
table-1597-849-5	0	4_years	1
table-1431-19-2	0	Error:_This_is_not_a_valid_number._Please_refer_to_the_documentation_at_for_correct_input.	1
table-1431-19-2	0	$10,000,000	1
table-0127-141-5	0	13	1
table-0127-141-5	0	22	1
table-0127-141-5	0	7	1
table-0127-141-5	0	34	1
table-0127-141-5	0	8	1
table-0127-141-5	0	3	1
table-0127-141-5	0	9	1
table-0127-141-5	0	42	1
table-0127-141-5	0	2	1
table-0002-2-4	0	1907-12-16	1
table-0546-965-3	0	pastry	1
table-0755-531-10	0	1983-04-12	1
table-0872-377-3	0	2011	1
table-0872-377-3	0	Cannot_handle_non-empty_timestamp_argument!_14,_2010	1
table-0872-377-3	0	Cannot_handle_non-empty_timestamp_argument!_17,_2010	1
table-0872-377-3	0	2010-05-17_May_17,_2010	1
table-1615-750-4	0	Automatic_weapons	1
table-1615-750-4	0	Improvised_Explosive_Device	1
table-0301-239-9	0	Shoulder-launched_Surface-to-air_missile	1
table-0301-239-9	0	Man-portable_Air-Defence_System	1
table-0301-239-9	0	SAM	1
table-0301-239-9	0	Man-portable_air-defense_system	1
table-0301-239-9	0	MANPAD_infrared_guided_missile	1
table-0301-239-9	0	MANPADS	1
table-0025-888-15	0	PVG	1
table-0025-888-15	0	SHA	1
table-0329-901-6	0	Yeung_Kin-yip_楊健業	1
table-0329-901-6	0	Lam_Tsi-yun_Lam_Pak-chun	1
table-0329-901-6	0	So_Chi-Man_(Danny)_蘇志文	1
table-0329-901-6	0	Shing_Dai-Ji_成大志	1
table-0329-901-6	0	Chan_Kwong_Leung_陳光亮	1
table-0329-901-6	0	Hon_Wing_Nin_(Roy)_韓永年	1
table-0329-901-6	0	Kwok_Kai-Chiu_郭啟超	1
table-0227-835-1	0	Adam_Webber	1
table-0227-835-1	0	Calvin_Webber	1
table-0227-835-1	0	Eve_Vrustikoff	1
table-0227-835-1	0	Cliff	1
table-1012-224-1	0	Albert_Lea,_Minnesota	1
table-0442-591-6	0	154	1
table-0442-591-6	0	45	1
table-0442-591-6	0	151	1
table-0442-591-6	0	12	1
table-0442-591-6	0	2	1
table-0105-99-5	0	89.3MHz	1
table-0105-99-3	0	95.1MHz	1
table-0120-632-22	0	Kuwait	1
table-0120-632-22	0	Thailand	1
table-0147-453-19	0	http://152.94.1.85:8888/table-0525-18	1
table-0147-453-19	0	2010	1
table-0147-453-19	0	2029_2029	1
table-1416-268-1	0	1908	1
table-1145-659-2	0	sturgeon	1
table-1145-659-2	0	caviar_substitute	1
table-1152-407-5	0	Luk_Yuet-Ho_陸月好	1
table-1152-407-5	0	Wong_Ching_Yee_(Jackie)_汪靜兒	1
table-1152-407-5	0	Lam_Wai-Ji_(Wing)_林慧姿	1
table-1152-407-5	0	Daisy_Liu_廖美詩	1
table-1152-407-5	0	Wu_Ting-Bik_胡亭碧	1
table-1152-407-5	0	Chow_Ching-Yan_(Joey)_周靜欣	1
table-1152-407-5	0	Mo_Kik_Tin_Chuen_無極天尊	1
table-1152-407-5	0	Fei_Fei_菲菲	1
table-1262-947-19	0	Public	1
table-0868-168-1	0	Paul_Thomas_Anderson	1
table-0715-242-10	0	Light_Heavyweight	1
table-0715-242-10	0	Light-heavyweight	1
table-0715-242-10	0	Light-Heavyweight	1
table-0872-377-5	0	Cannot_handle_non-empty_timestamp_argument!_25,_2011	1
table-0872-377-5	0	Cannot_handle_non-empty_timestamp_argument!_28,_2011	1
table-1344-234-3	0	Prakash_Marar	1
table-1344-234-3	0	Rafeeq_Ahamed	1
table-1344-234-3	0	Ramajogayya_Sastry	1
table-0715-242-2	0	Lightweight	1
table-0715-242-2	0	Flyweight	1
table-0453-132-2	0	Curry_powder	1
table-1426-354-2	0	1986-07-19	1
table-1431-19-3	0	Unknown	1
table-1431-19-3	0	$10,000,000	1
table-1635-999-13	0	London_Sovereign	1
table-1635-999-13	0	Arriva_Shires_&_Essex	1
table-1635-999-13	0	London_United	1
table-1635-999-13	0	Metroline	1
table-1635-999-13	0	Abellio_London	1
table-1631-116-6	0	Metroline	1
table-0278-605-3	0	1966	1
table-1057-467-6	0	00_91.3_FM	1
table-1282-140-4	0	Germany	1
table-1282-140-4	0	Pest	1
table-0554-253-1	0	5,000	1
table-0554-253-1	0	4,018	1
table-0450-423-9	0	31	1
table-1426-354-4	0	1996-12-08	1
table-1012-224-5	0	Waseca	1
table-0554-253-15	0	6,200	1
table-0530-567-5	0	1993-08-03	1
table-0818-804-1	0	51,224	1
table-0818-804-1	0	51,240	1
table-0818-804-1	0	51,515	1
table-0305-533-4	0	Lucy_Honeychurch	1
table-0305-533-4	0	The_Reverend_Mr._Beebe	1
table-0305-533-4	0	Eleanor_Lavish	1
table-0305-533-4	0	Mr._Emerson	1
table-0305-533-4	0	Charlotte_Bartlett	1
table-0818-804-9	0	25,000	1
table-0818-804-9	0	15,000	1
table-0443-726-10	0	D	1
table-0443-726-10	0	Democratic	1
table-0573-53-3	0	Day	1
table-0573-53-3	0	30	1
table-0329-901-2	0	Chow_Fong-fong_周芳芳	1
table-0329-901-2	0	Siu_Lai-Mei_小麗媚	1
table-0329-901-2	0	Yuen_Ling-tsz_玄靈子	1
table-0329-901-2	0	Siu_Wan_蕭雲	1
table-0329-901-2	0	Fong_Mei_Sze_(Macy)_方美斯	1
table-0329-901-2	0	Fong_Cheuk-Ling_(Bonnie)_方卓玲	1
table-0667-1-5	0	Male	1
table-0874-236-11	0	Susanne_Bier	1
table-1603-378-7	0	5,200	1
table-1057-467-2	0	101.1_FM	1
table-1057-467-2	0	0_580_AM	1
table-1057-467-2	0	0_740_AM	1
table-1164-445-9	0	ADP	1
table-1164-445-9	0	Czech_Republic	1
table-0120-632-9	0	South_Korea	1
table-0322-137-6	0	Punta_Gorda_Airport_(PGD)	1
table-0322-137-6	0	Punta_Gorda_Airport	1
table-0204-5-1	0	2057-2002	1
table-1615-748-6	0	Hand_grenade	1
table-1615-748-6	0	Improvised_Explosive_Device	1
table-1615-748-6	0	tectonic_lake	1
table-1615-748-6	0	Improvised_explosive_device	1
table-1615-748-6	0	Automatic_rifle	1
table-0438-90-1	0	1999-30-04	1
table-0626-638-12	0	45,750	1
table-0626-638-12	0	18,000	1
table-0378-790-1	0	31,000	1
table-0378-790-1	0	30,050	1
table-0470-996-1	0	Quincy,_Illinois	1
table-0470-996-1	0	Ursa,_Illinois	1
table-1416-268-4	0	1930	1
table-1416-268-4	0	1913	1
table-0378-628-6	0	The_Heiress	1
table-0378-628-6	0	All_the_King's_Men_(1949_film)	1
table-0378-628-6	0	Battleground_(film)	1
table-0378-628-6	0	The_Inspector_General_(film)	1
table-1079-342-0	0	Flyweight	1
table-0570-812-12	0	21,000	1
table-0570-812-12	0	21,325	1
table-0570-812-12	0	23,000	1
table-1454-8-7	0	2007	1
table-0011-362-3	0	Munhwa_Broadcasting_Corporation	1
table-0874-234-3	0	Luis_Buñuel	1
table-1221-923-0	0	John_Ford	1
table-0962-374-10	0	7_October_1983_(age30)	1
table-0962-374-10	0	7_October_1983_(aged_28)	1
table-0962-374-10	0	7_October_1983_(aged_26)	1
table-0962-374-10	0	7_October_1983	1
table-1359-116-19	0	Troy	1
table-1359-116-19	0	Candor	1
table-1359-116-19	0	Mount_Gilead	1
table-1359-116-19	0	Troy,_NC	1
table-1359-116-19	0	Ether	1
table-1351-812-22	0	R	1
table-1351-812-22	0	Republican	1
table-0037-691-0	0	Imperial_Noble_Consort_Gongshun	1
table-0037-691-0	0	Maggie_Cheung_Ho-yee	1
table-0037-691-0	0	Yim_Ka-Lai_(Kelly)_嚴家勵,_A神	1
table-0037-691-0	0	Wang_Siu-fun_汪紹芬	1
table-0037-691-0	0	Hon_Bo-ying_(韓寶英)	1
table-0037-691-0	0	Gu_Sou-sou_(孤素素)	1
table-0037-691-0	0	Cheng_Kau-mui_鄭九妹	1
table-0037-691-0	0	Ding_Yue-ying,_Chu_Sau-ping,_Mei,_Fong_Yee-lei,_Tung_Sin-tung,_and_Cheung_Fan	1
table-0037-691-0	0	Hoi_Kiu_(Hilda)_海翹	1
table-0808-604-17	0	New_Zealand	1
table-0808-604-17	0	Wellington	1
table-0034-464-5	0	12,750	1
table-0521-849-5	0	2,280	1
table-0521-849-5	0	11,135	1
table-0521-849-5	0	260,345	1
table-0521-849-5	0	34,500	1
table-0521-849-5	0	62,070	1
table-0521-849-5	0	11,430	1
table-0521-849-5	0	15,195	1
table-0521-849-5	0	2,035	1
table-0521-849-5	0	7,870	1
table-0521-849-5	0	13,985	1
table-0863-210-8	0	Social_Networking	1
table-0863-210-8	0	SSO	1
table-1164-445-12	0	Greece	1
table-0384-303-2	0	Utah_Valley_University	1
table-0519-180-0	0	872	1
table-0013-514-1	0	3,750	1
table-1431-19-1	0	Error:_This_is_not_a_valid_number._Please_refer_to_the_documentation_at_for_correct_input.	1
table-1431-19-1	0	$4,000,000	1
table-1550-778-3	0	R	1
table-1550-778-3	0	Republican	1
table-1550-778-3	0	Republican_Party_(United_States)	1
table-1550-778-3	0	Democratic	1
table-0378-628-2	0	A_Medal_for_Benny	1
table-0378-628-2	0	The_Bells_of_St._Mary's	1
table-0378-628-2	0	The_Picture_of_Dorian_Gray_(1945_film)	1
table-0378-628-2	0	The_Lost_Weekend_(film)	1
table-0874-234-1	0	Orson_Welles	1
table-0090-563-7	0	42,922	1
table-0090-563-7	0	43,500	1
table-1615-750-1	0	Automatic_weapons	1
table-1615-750-1	0	Improvised_Explosive_Device	1
table-1414-366-1	0	United_States	1
table-1631-116-1	0	Arriva_London	1
table-1038-464-0	0	France	1
table-0265-741-0	0	Kazakhstan	1
table-0755-531-3	0	1984-11-03	1
table-1414-366-3	0	Soviet_Union	1
table-1414-366-3	0	Russia	1
table-0481-827-1	0	0	1
table-0481-827-1	0	Time_will_tell	1
table-0481-827-1	0	Yes	1
table-1211-842-15	0	1984-08-16	1
table-1454-8-6	0	DC_Comics	1
table-0013-514-2	0	2,500	1
table-0013-514-2	0	2500	1
table-0505-888-7	0	Chart_(1986)	1
table-0981-892-1	0	75,000	1
table-0981-892-1	0	75,200	1
table-0981-892-1	0	74,100	1
table-0198-753-6	0	$11,100,000	1
table-0198-753-6	0	Error:_This_is_not_a_valid_number._Please_refer_to_the_documentation_at_for_correct_input.	1
table-0198-753-6	0	$11,000,000	1
table-1385-350-28	0	1965-07-08	1
table-0920-402-23	0	N._Linguswamy	1
table-0920-402-23	0	Sunitha_Sarathy	1
table-0920-402-23	0	Yuvan_Shankar_Raja	1
table-0546-965-8	0	bread	1
table-0481-395-11	0	ALP	1
table-0481-395-11	0	Independent	1
table-0481-395-11	0	Labor	1
table-0481-395-11	0	Australian_Labor_Party	1
table-0519-180-6	0	4049	1
table-0517-758-3	0	E._E._Smith	1
table-0866-915-0	0	28,986	1
table-0866-915-0	0	28986	1
table-0715-242-4	0	Featherweight	1
table-0090-563-2	0	20,059	1
table-0090-563-2	0	20,119	1
table-1037-428-23	0	Terry_Pratchett	1
table-0570-812-2	0	22,800	1
table-0570-812-2	0	18,000	1
table-0127-141-0	0	13	1
table-0127-141-0	0	15	1
table-0127-141-0	0	6	1
table-0127-141-0	0	33	1
table-0127-141-0	0	4	1
table-0378-790-6	0	24,000	1
table-1454-8-1	0	Marvel_Comics	1
table-1454-8-1	0	Marvel	1
table-0853-835-5	0	123	1
table-0853-835-5	0	123_/_404	1
table-0853-835-5	0	404	1
table-0855-495-18	0	1991	1
table-0874-234-9	0	D.W._Griffith	1
table-0874-234-9	0	D._W._Griffith	1
table-0517-758-1	0	Edgar_Rice_Burroughs	1
table-0517-758-1	0	George_Alec_Effinger	1
table-1036-570-0	0	120mm_caliber_mortar	1
table-1344-234-4	0	Sri_Vedavyas	1
table-1344-234-4	0	Suddala_Ashok_Teja	1
table-1344-234-4	0	Anantha_Sreeram	1
table-0550-442-43	0	2007	1
table-0550-442-43	0	1977	1
table-0550-442-43	0	2006	1
table-0181-454-8	0	Global_O&O	1
table-1416-268-2	0	1911	1
table-0227-835-8	0	Lt._Hugh_Gaston	1
table-0227-835-8	0	Elroy_Johnson	1
table-0227-835-8	0	Houck	1
table-0227-835-8	0	Deke_Carson	1
table-0227-835-8	0	Lt._Dalton_'Boomer'_Jonas	1
table-0227-835-8	0	Marty_Bauwer	1
table-0227-835-8	0	Lt._Schiparelli	1
table-0304-857-2	0	8,000	1
table-0137-367-0	0	Melvin_and_Howard	1
table-0137-367-0	0	Miss_Firecracker	1
table-0521-849-1	0	6,635	1
table-0521-849-1	0	6,535	1
table-0521-849-1	0	21,205	1
table-0521-849-1	0	34,055	1
table-0521-849-1	0	2,885	1
table-0521-849-1	0	134,495	1
table-0521-849-1	0	39,605	1
table-0521-849-1	0	24,345	1
table-0521-849-1	0	27,875	1
table-0521-849-1	0	828,145	1
table-0962-374-9	0	2_February_1989_(age24)	1
table-0962-374-9	0	2_February_1989	1
table-0034-464-14	0	5,000	1
table-1398-532-14	0	Joe_Flynne	1
table-1398-532-14	0	Slim_Chrysler	1
table-1398-532-14	0	Cy_Bianco	1
table-1398-532-14	0	Milo_O'Brannigan	1
table-1398-532-14	0	Cort_Romney	1
table-1398-532-14	0	Sissy_Wanamaker	1
table-1398-532-14	0	Herself	1
table-0453-132-3	0	Powder_mix_made_in_the_morning_for_breakfast_with_syrup	1
table-0453-132-3	0	Middle_East	1
table-0453-132-3	0	Thick_pancakes.	1
table-0453-132-3	0	Pancake	1
table-0453-132-3	0	Scallion	1
table-0453-132-8	0	lekvár	1
table-1374-616-3	0	Category:Jct_template_transclusions_with_missing_shields	1
table-1374-616-3	0	Preceded_by_Forestry_Trunk_Road_(central_segment)	1
table-0378-628-0	0	For_Whom_the_Bell_Tolls_(film)	1
table-0378-628-0	0	The_Song_of_Bernadette_(film)	1
table-1525-919-1	0	92.3MHz	1
table-0012-523-4	0	Stump	1
table-0012-523-4	0	Spruance	1
table-0012-523-4	0	Philadelphia_Naval_Shipyard	1
table-0438-90-0	0	Cannot_handle_non-empty_timestamp_argument!_16,_2008	1
table-0438-90-0	0	2010-12-21	1
table-0438-90-0	0	1993_in_video_gaming	1
table-0438-90-0	0	1994	1
table-0438-90-0	0	2008	1
table-0438-90-0	0	1994-09-22	1
table-1057-467-4	0	00_91.1_FM	1
table-1057-467-4	0	101.5_FM	1
table-1057-467-4	0	00_99.3_FM	1
table-0481-395-10	0	Liberal	1
table-0481-395-10	0	Liberal_Party_of_Australia	1
table-1557-406-30	0	Republican	1
table-1211-479-11	0	1977-09-19	1
table-1079-342-4	0	Featherweight	1
table-0366-424-3	0	Oak_Park	1
table-0366-424-3	0	Chicago,_IL	1
table-0011-362-0	0	Munhwa_Broadcasting_Corporation	1
table-1592-92-59	0	SNK_NeoGeo	1
table-1592-92-59	0	D4_Enterprise	1
table-1592-92-59	0	SNK	1
table-0011-362-2	0	Mnet_(TV_channel)	1
table-0442-591-7	0	60	1
table-0442-591-7	0	95	1
table-0442-591-7	0	1	1
table-0442-591-7	0	5	1
table-0442-591-7	0	8	1
table-0442-591-7	0	40	1
table-0442-591-7	0	204	1
table-0442-591-7	0	111	1
table-0442-591-7	0	6	1
table-0198-809-13	0	5'_7"	1
table-0874-236-3	0	Gavin_Hood	1
table-0874-236-3	0	Douglas_Freeman	1
table-0200-394-2	0	6	1
table-1358-390-1	0	Category:Jct_template_transclusions_with_missing_shields	1
table-1358-390-1	0	Highway_40	1
table-0356-460-8	0	US_Airways	1
table-0356-460-8	0	United,_US_Airways	1
table-0356-460-8	0	Southwest	1
table-0356-460-8	0	Southwest,_US_Airways	1
table-0356-460-8	0	US_Airways,_WestJet	1
table-0818-804-0	0	56,347	1
table-0818-804-0	0	53,359	1
table-0818-804-0	0	55,020	1
table-0305-533-17	0	Daniel_Plainview	1
table-0376-574-3	0	Light_rail	1
table-1057-467-5	0	00_1460_AM	1
table-1057-467-5	0	00_92.7_FM	1
table-1351-812-1	0	Democratic-Republican	1
table-0514-664-10	0	1959–1963	1
table-0866-915-4	0	28,986	1
table-0390-922-142	0	1992	1
table-0390-922-142	0	1985	1
table-0390-922-142	0	1961-09-21	1
table-0275-18-2	0	Stan_Smith	1
table-0275-18-2	0	Roscoe_Tanner	1
table-0275-18-2	0	Jimmy_Connors	1
table-0275-18-2	0	Ross_Case	1
table-0275-18-2	0	Wojciech_Fibak	1
table-0275-18-2	0	Brian_Gottfried	1
table-0275-18-2	0	Brian_Teacher	1
table-0346-863-2	0	1957	1
table-1057-467-1	0	00_96.9_FM	1
table-1286-517-4	0	1975-02-28	1
table-1165-220-3	0	1971-1975	1
table-1165-220-3	0	1967-1971	1
table-0322-137-7	0	St._Petersburg–Clearwater_International_Airport	1
table-0322-137-7	0	St._Petersburg/Clearwater_International_(PIE)	1
table-0322-137-7	0	St._Petersburg-Clearwater_International_Airport	1
table-0322-137-7	0	PIE	1
table-0322-137-7	0	St._Petersburg-Clearwater_International_(PIE)	1
table-0322-137-7	0	St._Petersburg-Clearwater_International_Airport_(PIE)	1
table-1108-811-23	0	1	1
table-1108-811-23	0	3	1
table-1108-811-23	0	6	1
table-1108-811-23	0	2	1
table-0200-394-0	0	15	1
table-0200-394-0	0	59	1
table-1398-532-24	0	Book_Channel_host	1
table-1398-532-24	0	Dave	1
table-1398-532-24	0	Ana_Pascal	1
table-1398-532-24	0	Dr._Cayly	1
table-1398-532-24	0	Penny_Escher	1
table-1398-532-24	0	Karen_Eiffel	1
table-1398-532-24	0	IRS_Co-Worker_#4	1
table-1398-532-24	0	Professor_Jules_Hilbert	1
table-0872-377-1	0	Cannot_handle_non-empty_timestamp_argument!_6,_2009	1
table-0872-377-1	0	Cannot_handle_non-empty_timestamp_argument!_21,_2009	1
table-0872-377-1	0	2009-07-06_July_6,_2009	1
table-0470-996-2	0	Camp_Point,_Illinois	1
table-0470-996-2	0	Quincy,_Illinois	1
table-0470-996-2	0	Ursa,_Illinois	1
table-0034-464-10	0	9,285	1
table-0034-464-10	0	10,000	1
table-0034-464-10	0	6763	1
table-1615-457-3	0	77850	1
table-1211-479-1	0	1977-11-11	1
table-0470-996-3	0	Quincy,_Illinois	1
table-0470-996-3	0	Ursa,_Illinois	1
table-0329-901-8	0	Ngai_Hoi-Nga_(Annie)_魏凱雅	1
table-0329-901-8	0	Bowie_Choy	1
table-0329-901-8	0	Chiu_Wing-fung,_Rainbow_趙詠鳳	1
table-0329-901-8	0	Poon_Hoi_Lam_潘凱琳	1
table-1020-478-2	0	97.3_FM	1
table-0962-374-5	0	2_January_1986_(age28)	1
table-0127-141-4	0	22	1
table-0127-141-4	0	23	1
table-0127-141-4	0	7	1
table-0127-141-4	0	2	1
table-0127-141-4	0	3	1
table-0127-141-4	0	12	1
table-0127-141-4	0	50	1
table-0868-168-4	0	Jason_Reitman	1
table-0299-994-9	0	08-20	1
table-0299-994-9	0	1990	1
table-0442-591-4	0	375	1
table-0442-591-4	0	16	1
table-0442-591-4	0	10	1
table-0442-591-4	0	4	1
table-0667-434-4	0	ft_(m)	1
table-0442-591-1	0	60	1
table-0442-591-1	0	1	1
table-0442-591-1	0	49	1
table-0442-591-1	0	208	1
table-0442-591-1	0	51	1
table-0442-591-1	0	30	1
table-0442-591-1	0	228	1
table-0442-591-1	0	20	1
table-0442-591-1	0	55	1
table-0442-591-1	0	268	1
table-0442-591-1	0	2	1
table-1607-808-7	0	Interstate_40	1
table-0573-53-5	0	Day	1
table-0573-53-5	0	30	1
table-0888-435-13	0	United_States_at_the_2012_Summer_Olympics	1
table-0888-435-13	0	United_States	1
table-1073-977-3	0	4.50	1
table-0275-18-8	0	Gene_Mayer	1
table-0275-18-8	0	Victor_Amaya	1
table-0275-18-8	0	José_Higueras	1
table-0275-18-8	0	Bill_Scanlon	1
table-0275-18-8	0	Ismail_El_Shafei	1
table-0888-435-4	0	United_States_at_the_1960_Summer_Olympics	1
table-0888-435-4	0	United_States	1
table-1286-517-17	0	1981-03-08	1
table-1597-849-3	0	4_years	1
table-1603-378-20	0	2,000	1
table-0514-664-16	0	1981-1985	1
table-0514-664-16	0	1981–1985	1
table-1358-390-4	0	Category:Jct_template_transclusions_with_missing_shields	1
table-1358-390-4	0	Highway_40	1
table-0667-434-2	0	ft_(m)	1
table-0667-434-2	0	54	1
table-0626-638-4	0	24,000	1
table-0626-638-4	0	24000	1
table-0066-426-2	0	Sydney_Pollack	1
table-0034-464-11	0	5,000	1
table-1358-390-7	0	Hudson's_Bay_Company	1
table-1358-390-7	0	Athabasca_River	1
table-1351-812-33	0	Democratic	1
table-0874-236-2	0	Olivier_Dahan	1
table-1262-947-6	0	Public	1
table-0322-137-1	0	Charlotte/Douglas_International_Airport	1
table-0322-137-1	0	Charlotte/Douglas_International_(CLT)	1
table-0322-137-1	0	CLT	1
table-0322-137-1	0	Charlotte_Douglas_International_Airport	1
table-0322-137-1	0	Charlotte_Douglas_International_(CLT)	1
table-0868-168-2	0	Tim_Burton	1
table-1589-204-3	0	935	1
table-1058-109-10	0	99.9_FM	1
table-1058-109-10	0	102.5_FM	1
table-0677-841-6	0	BFS	1
table-0677-841-6	0	BFS/EGAA	1
table-0120-632-23	0	Netherlands	1
table-0677-841-52	0	LYS	1
table-0677-841-52	0	LFLL	1
table-0677-841-52	0	CAE	1
table-1631-116-5	0	London_Sovereign	1
table-1631-116-5	0	Abellio_(London_&_Surrey)	1
table-1631-116-5	0	Arriva_Shires_&_Essex	1
table-1631-116-5	0	London_United_Busways	1
table-1631-116-5	0	Arriva_London	1
table-1631-116-5	0	Metroline	1
table-1631-116-5	0	Sullivan_Buses	1
table-0855-495-53	0	1999-09-24	1
table-0855-495-53	0	1999	1
table-0891-317-6	0	1938	1
table-0891-317-6	0	1938-06-11	1
table-0891-317-6	0	1938-11-06	1
table-1597-849-7	0	6_years	1
table-1383-401-22	0	1914	1
table-1383-401-22	0	1915–1935	1
table-1383-401-22	0	1915-03-04-1935-01-03	1
table-0011-362-4	0	KBS	1
table-0011-362-4	0	KBS2	1
table-0011-362-4	0	Korean_Broadcasting_System	1
table-0505-888-14	0	41st_Annual_Grammy_Awards	1
table-0505-888-14	0	Chart_(1998)	1
table-1052-399-2	0	3,839	1
table-1052-399-2	0	3,029	1
table-1052-399-2	0	4,135	1
table-1052-399-2	0	1,463	1
table-1052-399-2	0	376	1
table-1052-399-2	0	4,633	1
table-1052-399-2	0	3,064	1
table-1052-399-2	0	1,170	1
table-1052-399-2	0	1,726	1
table-1052-399-2	0	2,568	1
table-0920-402-1	0	Bharathwaj	1
table-1631-116-4	0	Metroline	1
table-1398-532-13	0	Ruth_Adams	1
table-1398-532-13	0	Neil_Campbell	1
table-1398-532-13	0	Sam_Mastrewski	1
table-1398-532-13	0	Ghada_Holiday	1
table-1398-532-13	0	Jimmy	1
table-1398-532-13	0	Emily_Adams	1
table-1398-532-13	0	Frank	1
table-1398-532-13	0	Anna_Holiday	1
table-1398-532-13	0	Nervous_Quick-Mart_Clerk	1
table-0981-892-17	0	15,000	1
table-0981-892-17	0	13,000	1
table-0981-892-17	0	30,000	1
table-0012-523-5	0	Kidd-class_destroyer	1
table-0120-632-25	0	Oman	1
table-0120-632-25	0	Azerbaijan	1
table-0120-632-25	0	United_Arab_Emirates	1
table-0981-892-4	0	30,000	1
table-1374-616-10	0	Category:Jct_template_transclusions_with_missing_shields	1
table-1374-616-10	0	Alberta_Highway_40	1
table-0198-809-11	0	6'_3/4"	1
table-0322-137-9	0	MCO	1
table-0322-137-9	0	Orlando-Sanford_International_(SFB)	1
table-0322-137-9	0	Orlando_International_Airport_(MCO)	1
table-0322-137-9	0	Orlando_International_(MCO)	1
table-0442-591-5	0	16	1
table-0442-591-5	0	8	1
table-0442-591-5	0	24	1
table-0442-591-5	0	9	1
table-0442-591-5	0	29	1
table-0442-591-5	0	12	1
table-0442-591-5	0	67	1
table-0442-591-5	0	10	1
table-0442-591-5	0	2	1
table-0378-790-13	0	15,600	1
table-0378-790-13	0	16,500	1
table-0378-790-13	0	17,000	1
table-0234-425-1	0	Cut,_copy,_and_paste	1
table-0234-425-1	0	Stop_a_running_process	1
table-1416-268-7	0	1922	1
table-1416-268-7	0	2003	1
table-0678-839-3	0	52	1
table-0678-839-3	0	1,492.16	1
table-0481-827-2	0	0	1
table-0920-402-38	0	Pandiraj	1
table-0667-1-2	0	He_makes_an_appearance,_not_singing	1
table-0521-849-2	0	8,530	1
table-0521-849-2	0	24,445	1
table-0521-849-2	0	30,795	1
table-0521-849-2	0	251,695	1
table-0521-849-2	0	33,855	1
table-0521-849-2	0	18,775	1
table-0521-849-2	0	15,555	1
table-0521-849-2	0	14,115	1
table-0521-849-2	0	133,655	1
table-0521-849-2	0	16,785	1
table-1513-721-8	0	33,339	1
table-0443-726-151	0	D	1
table-0443-726-151	0	Democratic	1
table-0091-59-5	0	1976-11-21	1
table-1037-428-78	0	Lloyd_Alexander	1
table-1550-778-13	0	Republican_Party_(United_States)	1
table-1635-999-3	0	Abellio_London	1
table-1635-999-3	0	Travel_London	1
table-1431-19-4	0	$10,800,000	1
table-1431-19-4	0	Error:_This_is_not_a_valid_number._Please_refer_to_the_documentation_at_for_correct_input.	1
table-0299-994-12	0	1985-08-28	1
table-1222-587-29	0	978-0785131700	1
table-1222-587-29	0	0-7851-3297-X	1
table-1222-587-29	0	0-7851-2865-4	1
table-0452-575-13	0	Linux	1
table-0450-423-6	0	31	1
table-0626-638-11	0	15,000	1
table-0322-137-4	0	Dallas_Love_Field_(DAL)	1
table-0322-137-4	0	DFW	1
table-0322-137-4	0	Dallas/Fort_Worth_International_(DFW)	1
table-0322-137-4	0	Dallas-Fort_Worth_International_Airport	1
table-0322-137-4	0	Dallas/Fort_Worth_International_Airport	1
table-0245-976-64	0	101.3_FM	1
table-0245-976-64	0	101.3	1
table-0305-533-1	0	Collins	1
table-0305-533-1	0	Margaret_Bourke-White	1
table-0305-533-1	0	Pandit_Jawaharlal_Nehru	1
table-0305-533-1	0	Mahatma_Gandhi	1
table-0305-533-1	0	Khan	1
table-0481-827-7	0	105,000	1
table-0481-827-7	0	4,357,437	1
table-0388-615-8	0	38,622	1
table-0388-615-8	0	38,000	1
table-0388-615-8	0	41,800	1
table-0388-615-8	0	32,662	1
table-0388-615-8	0	38,485	1
table-0808-604-0	0	Germany	1
table-0147-453-6	0	05-10-2051-04-04	1
table-0147-453-6	0	2051-04	1
table-1426-354-0	0	1926-01-04	1
table-1426-354-0	0	1986-07-19	1
table-1426-354-0	0	1855	1
table-1052-399-0	0	44,144	1
table-1052-399-0	0	76,230	1
table-1052-399-0	0	82,276	1
table-1052-399-0	0	40,653	1
table-1052-399-0	0	45,096	1
table-1052-399-0	0	37,549	1
table-1052-399-0	0	99,432	1
table-1052-399-0	0	51,168	1
table-1052-399-0	0	111,235	1
table-1052-399-0	0	20,288	1
table-0570-812-4	0	32,000	1
table-0570-812-4	0	32,784	1
table-0570-812-4	0	25,000	1
table-0570-812-4	0	33000	1
table-0570-812-4	0	33,000	1
table-1164-445-5	0	Belarus	1
table-1615-748-10	0	crater_lake	1
table-1068-214-1	0	4_years	1
table-0366-424-4	0	Joliet,_Illinois	1
table-1020-478-4	0	99.9_FM	1
table-1426-354-1	0	1971-02-02	1
table-1426-354-1	0	1931	1
table-1422-378-3	0	Valid	1
table-0573-53-11	0	Day	1
table-0573-53-11	0	31	1
table-0088-440-3	0	Colombia	1
table-1057-467-16	0	00_1240_AM	1
table-1057-467-16	0	92.3_FM	1
table-1057-467-16	0	103.9	1
table-1057-467-16	0	0_101.5_FM	1
table-1057-467-16	0	00_93.1_FM	1
table-1057-467-16	0	0_103.9_FM	1
table-1057-467-16	0	00_92.3_FM	1
table-1057-467-16	0	93.1_FM	1
table-1058-109-8	0	00_97.3_FM	1
table-1058-109-8	0	00_93.7_FM	1
table-1058-109-8	0	98.3_FM	1
table-0452-575-5	0	Microsoft_Windows	1
table-0863-210-6	0	Foreign_Reporting	1
table-0863-210-6	0	National_newspaper	1
table-0863-210-6	0	National_Print	1
table-0863-210-6	0	Military	1
table-0356-460-5	0	go!,_Hawaiian,_Island_Air	1
table-0356-460-5	0	go!,_Hawaiian	1
table-0356-460-5	0	Alaska,_Allegiant	1
table-0356-460-5	0	Go!_(airline)	1
table-0888-435-9	0	Brazil	1
table-0888-435-9	0	Brazil_at_the_Olympics	1
table-0626-638-10	0	20,000	1
table-1033-735-21	0	2011	1
table-1033-735-21	0	2011–2012	1
table-1033-735-21	0	2012	1
table-1058-109-0	0	00_92.9_FM	1
table-1058-109-0	0	92.9	1
table-0504-762-6	0	1920	1
table-0504-762-6	0	1986	1
table-0504-762-6	0	1983	1
table-0874-236-9	0	Bruce_McDonald_(director)	1
table-0874-236-9	0	Bruce_McDonald	1
table-0891-317-0	0	1948-03-27	1
table-0891-317-0	0	1948	1
table-0891-317-0	0	1948-27-03	1
table-1052-399-1	0	1,245	1
table-1052-399-1	0	2,469	1
table-1052-399-1	0	1,948	1
table-1052-399-1	0	6,526	1
table-1052-399-1	0	8,023	1
table-1052-399-1	0	6,218	1
table-1052-399-1	0	15,632	1
table-1052-399-1	0	10,711	1
table-1052-399-1	0	1,055	1
table-1052-399-1	0	8,456	1
table-0692-716-11	0	Private	1
table-1036-570-2	0	Current_main_transport_vehicle	1
table-1036-570-2	0	Bandvagn_206	1
table-0715-242-6	0	Super-middleweight	1
table-0715-242-6	0	WBO	1
table-0715-242-6	0	Super_middleweight	1
table-0715-242-6	0	Super_Middleweight	1
table-0715-242-6	0	Super-Middleweight	1
table-1073-977-4	0	22.95	1
table-1073-977-4	0	12.73	1
table-0198-753-3	0	$10,800,000	1
table-0198-753-3	0	$11,300,000	1
table-0329-901-4	0	Tam_Bo-Bo_譚寶寶	1
table-0329-901-4	0	Ko_Ka-Bo_(CoCo)_高家寶	1
table-0329-901-4	0	So_Lai-Sheung_蘇麗嫦	1
table-0329-901-4	0	Ma_Siu-Bo_馬小寶	1
table-0329-901-4	0	Tai-Ng_Ting_第五婷	1
table-0329-901-4	0	Ho_Sau-Sau_(Cally)_何秀秀	1
table-0450-423-10	0	30	1
table-0874-234-2	0	James_Whale	1
table-1589-204-4	0	934	1
table-1615-457-4	0	77920	1
table-0137-367-6	0	Hannah_and_Her_Sisters	1
table-0137-367-6	0	Bullets_Over_Broadway	1
table-0105-99-6	0	89.1MHz	1
table-0105-99-6	0	98.7_FM_89.1_FM	1
table-1592-92-16	0	SNK_Playmore	1
table-1592-92-16	0	D4_Enterprise	1
table-1592-92-16	0	SNK	1
table-1547-236-19	0	Wayne_Ferreira	1
table-0678-839-2	0	137.35	1
table-0678-839-2	0	84.48	1
table-0678-839-2	0	5,497.03	1
table-0678-839-2	0	5,412.55	1
table-0678-839-2	0	54	1
table-0356-460-9	0	Alaska,_Southwest	1
table-0356-460-9	0	Alaska	1
table-0356-460-9	0	Alaska,_United	1
table-0356-460-9	0	Alaska,_Southwest,_US_Airways	1
table-0356-460-9	0	Alaska,_United,_Virgin_America	1
table-0356-460-9	0	Alaska,_Southwest,_Delta	1
table-0194-244-1	0	Harrow_Weald_Oxhey_Lane	1
table-1098-392-5	0	Wyoming	1
table-1098-392-5	0	List_of_United_States_Senators_from_Wyoming	1
table-1222-587-8	0	0-7851-4492-2	1
table-0265-741-36	0	China	1
table-1344-234-1	0	Ananta_Sriram	1
table-1344-234-1	0	Kalyanji	1
table-1344-234-1	0	P._Vijay	1
table-0194-244-5	0	Ealing_Broadway_Station	1
table-1547-236-8	0	Fernando_González	1
table-1098-392-2	0	Delaware	1
table-1098-392-2	0	List_of_United_States_Senators_from_Delaware	1
table-0204-5-6	0	2044-2005	1
table-1615-457-1	0	77590	1
table-0962-374-4	0	25_January_1985_(age29)	1
table-0443-726-308	0	R	1
table-0443-726-308	0	Republican	1
table-0573-53-4	0	Day	1
table-0573-53-4	0	31	1
table-0874-236-8	0	Norio_Tsuruta	1
table-0874-236-8	0	Mennan_Yapo	1
table-0550-442-37	0	2004	1
table-0550-442-37	0	2005	1
table-0855-495-16	0	1991	1
table-0137-367-5	0	Enemies,_a_Love_Story	1
table-0137-367-5	0	The_Grifters	1
table-0137-367-5	0	Prizzi's_Honor	1
table-0204-5-8	0	2049-2005	1
table-0204-5-8	0	2047-2007	1
table-0550-442-3	0	2000	1
table-0550-442-3	0	1999	1
table-0227-835-12	0	Sarah_Lawson	1
table-0227-835-12	0	Susan	1
table-0227-835-12	0	Assistant_editor	1
table-0227-835-12	0	Joanie	1
table-0066-426-7	0	John_Huston	1
table-0198-809-12	0	6'_1/4"	1
table-0855-495-24	0	1991	1
table-0855-495-24	0	1993	1
table-0037-691-4	0	Tsui_Hei-hei_崔喜喜	1
table-0037-691-4	0	Tseung_Yu-Chu_(蔣如珠)	1
table-0037-691-4	0	Chong_Fung_Tak_莊鳳德	1
table-0037-691-4	0	Li_Ah-Sin_李雅仙	1
table-0037-691-4	0	Ling_Bo-Tze_凌寶芝	1
table-0037-691-4	0	Lau_Kit-yee_劉潔儀	1
table-0037-691-4	0	Lui_Wong	1
table-0037-691-4	0	Chu_Pik-Wan_朱碧雲	1
table-1262-947-3	0	Public	1
table-1547-236-3	0	Roger_Federer	1
table-0504-762-2	0	Cannot_handle_non-empty_timestamp_argument!_16,_1980	1
table-0504-762-2	0	1974	1
table-0504-762-2	0	1981	1
table-0504-762-2	0	1911	1
table-0868-168-10	0	Andrew_Stanton	1
table-0329-901-3	0	Wu_Cheuk-Yan_胡卓仁	1
table-0329-901-3	0	Mok_Yik_Tin_莫逆天	1
table-0329-901-3	0	Wong_Fei_Hung	1
table-0329-901-3	0	Wing_Tak_榮_德	1
table-0329-901-3	0	Chukot_Ching-ngor_諸葛正我	1
table-0329-901-3	0	Wu_Cheuk-Yan_(Wu_Sir)_胡卓仁	1
table-0329-901-3	0	Chung_Kin_Shing_鍾建成	1
table-0088-440-0	0	Brazil	1
table-1145-659-21	0	fried_buns_stuffed_with_a_variety_of_fillings.	1
table-1145-659-21	0	It_is_a_generic_word_for_individual-sized_baked	1
table-0227-835-6	0	Charlie_the_Dog_(voice)	1
table-0227-835-6	0	Bugs_Bunny_Elmer_Fudd	1
table-0227-835-6	0	Daffy_Duck	1
table-0227-835-6	0	Himself	1
table-0227-835-6	0	Stan_Podolak	1
table-1550-778-15	0	Democratic_Party_(United_States)	1
table-0013-514-6	0	2,414	1
table-1152-407-1	0	Wong_Si-fu,_Kris_王思苦	1
table-1152-407-1	0	Chow_Chi-Yu_(Chow_Chow)_周自瑜	1
table-1152-407-1	0	Fan_Suk_Heung	1
table-1152-407-1	0	So_Fung-Nei_蘇鳳妮	1
table-1152-407-1	0	Myolie_Wu_胡杏兒	1
table-1152-407-1	0	To_Bei_Bei_(Toby)_杜比比	1
table-1152-407-1	0	Hung_Leung_紅娘	1
table-1152-407-1	0	Chau_Heung_秋香	1
table-1152-407-1	0	Cheng_Bik-Wan_鄭碧雲	1
table-0060-296-0	0	Fong_Tsun-Kit_方浚杰	1
table-0060-296-0	0	Cheung_Kwok_Fung_張國鋒	1
table-0060-296-0	0	Ding_Sheung-Wong_(Ah_Wong)_丁常旺	1
table-0060-296-0	0	Yeung_Lap-kwan	1
table-0060-296-0	0	Ding_Sheung_Wong_(Ah_Wong)_丁常旺	1
table-0060-296-0	0	Tong_Lap-yin_唐立言	1
table-0060-296-0	0	Yue_Chi-Long_(Yue_Sir)_于子朗	1
table-0060-296-0	0	Ma_Wing-ching_馬永禎	1
table-0060-296-0	0	Law_Dai-Tei/Ling_Fung_羅帶弟/凌丰	1
table-0060-296-0	0	Tang_Wai-Cheung_鄧偉祥	1
table-1589-204-0	0	852	1
table-1589-204-0	0	912	1
table-1589-204-0	0	762	1
table-1589-204-0	0	950	1
table-1589-204-0	0	978	1
table-1165-220-4	0	1971-1975	1
table-1165-220-4	0	1975-1977	1
table-0521-849-8	0	11,035	1
table-0521-849-8	0	81,725	1
table-0521-849-8	0	892,922	1
table-0521-849-8	0	8,090	1
table-0521-849-8	0	Error:_This_is_not_a_valid_number._Please_refer_to_the_documentation_at_for_correct_input.	1
table-0521-849-8	0	26,150	1
table-0521-849-8	0	44,230	1
table-0521-849-8	0	980	1
table-0037-691-9	0	Szeto_Ngan_Ping_司徒銀屏	1
table-0037-691-9	0	Kwai_Fa_葵花	1
table-0037-691-9	0	Sister_Man_蚊姐	1
table-0037-691-9	0	To_Bing-Bing_杜冰冰	1
table-0037-691-9	0	Lee_Kei_(Nikki)_李琪	1
table-0037-691-9	0	Ng_Choi_Nei_吳采妮_(Charlie)	1
table-0037-691-9	0	Shing_Mei-Sum_(Vicky)_成美心	1
table-0037-691-9	0	Hong_Mei-Lei_(Minnie)_康美莉	1
table-0037-691-9	0	Ching_Ka-Man_(Karmen)_程嘉汶	1
table-0037-691-9	0	Karen	1
table-1286-517-1	0	1982-02-01	1
table-0453-132-5	0	Mett	1
table-1398-532-16	0	Museum_Worker	1
table-1398-532-16	0	Bailey	1
table-1615-748-7	0	tectonic_lake	1
table-0371-683-18	0	2000	1
table-1108-811-3	0	1	1
table-1108-811-3	0	218	1
table-1108-811-3	0	49	1
table-1108-811-3	0	20	1
table-1108-811-3	0	8	1
table-1108-811-3	0	41	1
table-1108-811-3	0	29	1
table-1108-811-3	0	77	1
table-1108-811-3	0	33	1
table-0378-628-5	0	Johnny_Belinda_(1948_film)	1
table-0378-628-5	0	The_Red_Shoes_(1948_film)	1
table-0378-628-5	0	The_Treasure_of_the_Sierra_Madre_(film)	1
table-0378-628-5	0	The_Search	1
table-0378-628-5	0	I_Remember_Mama	1
table-0505-888-5	0	Chart_(1983)	1
table-1222-587-2	0	978-0785128342	1
table-0088-440-2	0	Chile	1
table-1033-735-7	0	1996	1
table-0012-523-6	0	Daniel_Inouye	1
table-0012-523-6	0	Awarded	1
table-0012-523-6	0	United_States_Navy	1
table-1592-92-71	0	D4_Enterprise	1
table-1592-92-71	0	SNK	1
table-0514-664-4	0	1937-1943	1
table-0514-664-4	0	1937–1943	1
table-0514-664-3	0	1934–1937	1
table-0514-664-3	0	1934-1937	1
table-1058-109-2	0	AM	1
table-1058-109-2	0	0_580_AM	1
table-1058-109-2	0	93.9	1
table-0808-604-11	0	United_Kingdom	1
table-0554-253-11	0	4,500	1
table-0554-253-11	0	4,100	1
table-1374-616-6	0	Category:Jct_template_transclusions_with_missing_shields	1
table-1033-735-2	0	1994–1995	1
table-1033-735-2	0	1993-1997	1
table-1033-735-2	0	1997	1
table-1033-735-2	0	1993	1
table-1033-735-2	0	1995	1
table-1033-735-2	0	1994	1
table-1165-220-5	0	1977-1979	1
table-1165-220-5	0	1977-1981	1
table-1165-220-5	0	1975-1977	1
table-1615-750-2	0	Hand_grenade	1
table-1615-750-2	0	tectonic_lake	1
table-1615-750-2	0	Improvised_Explosive_Device	1
table-1615-750-2	0	Automatic_weapons	1
table-1036-570-3	0	Bandvagn_206	1
table-1525-919-4	0	96.3MHz	1
table-1566-51-3	0	2006-09-12	1
table-0667-434-3	0	ft_(m)	1
table-0060-296-5	0	Lo_Wing-See_魯詠詩	1
table-0060-296-5	0	Tong_Yan_唐仁	1
table-0060-296-5	0	Chui_Man_Tin_徐萬田	1
table-0060-296-5	0	Wu_Moon_胡滿	1
table-0060-296-5	0	Bao_Zheng	1
table-0305-533-0	0	Alex_Greville	1
table-0305-533-0	0	Answering_Service_Lady	1
table-0305-533-0	0	Dr._Daniel_Hirsh	1
table-0305-533-0	0	Mrs_Greville	1
table-1221-923-7	0	Charlie_Chaplin	1
table-0388-615-6	0	35,000	1
table-0388-615-6	0	38,000	1
table-0388-615-6	0	35,907	1
table-0388-615-6	0	38,900	1
table-0388-615-6	0	35,161	1
table-0088-440-1	0	Brazil	1
table-0918-840-9	0	Nuclear_fallout	1
table-0918-840-9	0	Mark_21_nuclear_bomb	1
table-0918-840-9	0	Castle_Bravo	1
table-1247-960-414	0	1994_1994	1
table-1416-268-3	0	1930	1
table-1416-268-3	0	1911	1
table-1057-467-8	0	00_1450_AM	1
table-1057-467-8	0	00_92.3_FM	1
table-1057-467-8	0	93.3_FM	1
table-0371-683-39	0	1941-05-01	1
table-1351-812-51	0	Democratic	1
table-1557-406-42	0	None_(District_created)	1
table-1557-406-42	0	Republican	1
table-0470-996-0	0	Hull,_Illinois	1
table-0470-996-0	0	Levee_Township,_Pike_County,_Illinois	1
table-0470-996-0	0	Pittsfield,_Illinois	1
table-0470-996-0	0	Detroit,_Illinois	1
table-0470-996-0	0	Pearl,_Illinois	1
table-0517-758-4	0	J._R._R._Tolkien	1
table-0818-804-3	0	40,000	1
table-0818-804-3	0	10,078	1
table-0818-804-3	0	25,000	1
table-0818-804-3	0	18,000	1
table-0872-377-2	0	2009-11-23_November_23,_2009	1
table-0872-377-2	0	Cannot_handle_non-empty_timestamp_argument!_5,_2010	1
table-0872-377-2	0	23,_2009	1
table-0084-426-246	0	1	1
table-1057-467-11	0	00_88.1_FM	1
table-1057-467-11	0	100.7_FM	1
table-1057-467-11	0	97.5	1
table-1068-214-7	0	6_years	1
table-0554-253-9	0	10,400	1
table-0120-632-6	0	France	1
table-0755-531-0	0	1985-06-11	1
table-0025-888-9	0	NKG	1
table-0626-638-2	0	9,000	1
table-1513-721-10	0	16,042	1
table-1513-721-10	0	6,194	1
table-0388-615-1	0	75,849	1
table-0388-615-1	0	63,000	1
table-0388-615-1	0	83,700	1
table-0388-615-1	0	63,186	1
table-0388-615-1	0	52,000	1
table-0012-523-1	0	First_in_class	1
table-0521-849-6	0	13,355	1
table-0521-849-6	0	71,710	1
table-0521-849-6	0	7,240	1
table-0521-849-6	0	2,000	1
table-0521-849-6	0	20,135	1
table-0521-849-6	0	8,575	1
table-0521-849-6	0	15,085	1
table-0521-849-6	0	3,395	1
table-0521-849-6	0	196,420	1
table-0521-849-6	0	16,645	1
table-0981-892-8	0	22,000	1
table-0981-892-8	0	22,500	1
table-0245-976-119	0	99.5_FM	1
table-0530-567-4	0	1992-08-25	1
table-0084-426-136	0	IL-08	1
table-0084-426-136	0	Butler	1
table-0504-762-5	0	1931	1
table-0504-762-5	0	1990	1
table-0504-762-5	0	1914	1
table-0378-628-4	0	Miracle_on_34th_Street	1
table-0378-628-4	0	Life_with_Father_(film)	1
table-0378-628-4	0	Gentleman's_Agreement	1
table-0378-628-4	0	Mourning_Becomes_Electra_(film)	1
table-1286-517-18	0	1991-11-05	1
table-1426-354-3	0	1990	1
table-1426-354-3	0	1977-07-23	1
table-0147-453-9	0	2057-12	1
table-0755-531-19	0	1981-07-22	1
table-1383-401-91	0	1976	1
table-1589-204-8	0	899	1
table-1589-204-8	0	753	1
table-1108-811-14	0	81	1
table-1108-811-14	0	57	1
table-1108-811-14	0	23	1
table-1108-811-14	0	14	1
table-1108-811-14	0	7	1
table-1108-811-14	0	71	1
table-1108-811-14	0	8	1
table-1108-811-14	0	12	1
table-1108-811-14	0	10	1
table-1108-811-14	0	2	1
table-0443-726-111	0	Democratic_Party_(United_States)	1
table-0443-726-111	0	D	1
table-0443-726-111	0	d	1
table-1282-140-2	0	Russia	1
table-1079-342-7	0	Super-Featherweight	1
table-0227-835-10	0	Nick	1
table-0227-835-10	0	Stevie_McGuire	1
table-0227-835-10	0	Jackie_Flannery	1
table-0227-835-10	0	Kathleen_Flannery	1
table-0227-835-10	0	Terry_Noonan	1
table-0227-835-10	0	Frankie_Flannery	1
table-0301-239-10	0	AAA_gun	1
table-0301-239-10	0	2_×_35mm_cannon	1
table-0301-239-10	0	Towed_anti-aircraft_artillery	1
table-0301-239-10	0	2×35mm_anti-aircraft_gun	1
table-0301-239-10	0	Anti-aircraft_gun	1
table-1589-204-6	0	910	1
table-1383-401-103	0	56years	1
table-1383-401-103	0	1980	1
table-1038-464-4	0	Romania	1
table-1476-836-5	0	1975	1
table-1476-836-5	0	1990-11-08	1
table-0855-541-14	0	House_of_Harmony_and_Vengeance	1
table-0855-541-14	0	Armed_Reaction	1
table-0855-541-14	0	Fathers_and_Sons	1
table-0855-541-14	0	Witness_to_a_Prosecution	1
table-0874-236-10	0	Mihai_Mălaimare,_Jr.	1
table-0874-236-10	0	YES	1
table-0874-236-10	0	Francis_Ford_Coppola	1
table-0891-317-9	0	1955-12-31	1
table-0891-317-9	0	1955-31-12	1
table-0891-317-9	0	1955	1
table-1615-750-5	0	Automatic_weapons	1
table-1615-750-5	0	Grenade	1
table-1615-750-5	0	Improvised_Explosive_Device	1
table-1052-399-4	0	60	1
table-1052-399-4	0	430	1
table-1052-399-4	0	90	1
table-1052-399-4	0	2,220	1
table-1052-399-4	0	34	1
table-1052-399-4	0	45	1
table-1052-399-4	0	31	1
table-1052-399-4	0	653	1
table-1052-399-4	0	278	1
table-1052-399-4	0	143	1
table-1282-140-1	0	Italy	1
table-0013-514-8	0	10,000	1
table-0013-514-8	0	6,900	1
table-0388-615-2	0	63,200	1
table-0388-615-2	0	62,384	1
table-0388-615-2	0	56,713	1
table-0388-615-2	0	72,600	1
table-0388-615-2	0	56,700	1
table-1615-457-0	0	77210	1
table-1058-109-6	0	0_102.5_FM	1
table-1058-109-6	0	88.1	1
table-1058-109-6	0	97.5	1
table-1431-19-0	0	$1,000,000–1,200,000	1
table-1431-19-0	0	Error:_This_is_not_a_valid_number._Please_refer_to_the_documentation_at_for_correct_input.	1
table-1431-19-0	0	$1,200,000	1
table-0356-460-6	0	Frontier,_United	1
table-0356-460-6	0	Frontier,_Southwest,_Spirit,_United	1
table-0356-460-6	0	Southwest,_United	1
table-0356-460-6	0	Frontier,_Spirit,_United	1
table-0855-495-34	0	1994	1
table-0918-840-10	0	B41_nuclear_bomb	1
table-1374-616-5	0	Category:Jct_template_transclusions_with_missing_shields	1
table-1374-616-5	0	Preceded_by_Forestry_Trunk_Road_(central_segment)	1
table-1038-464-1	0	Colombia	1
table-0275-18-1	0	Dick_Stockton_(tennis)	1
table-0275-18-1	0	Mark_Cox_(tennis)	1
table-0275-18-1	0	Ken_Rosewall	1
table-0275-18-1	0	Manuel_Orantes	1
table-0204-5-3	0	2051-2004	1
table-0868-168-0	0	Joen_Coen_&_Ethan_Coen	1
table-0868-168-0	0	Joel_and_Ethan_Coen	1
table-0868-168-0	0	Ethan	1
table-0868-168-0	0	Ethan_&_Joel_Coen	1
table-1145-659-3	0	salmon	1
table-0013-514-9	0	8,500	1
table-0298-73-70	0	Error:_This_is_not_a_valid_number._Please_refer_to_the_documentation_at_for_correct_input.	1
table-0470-996-4	0	Quincy,_Illinois	1
table-0470-996-4	0	LaSalle_County,_Illinois	1
table-0470-996-4	0	Quincy,_Illinois_micropolitan_area	1
table-0470-996-4	0	Camp_Point,_Illinois	1
table-0470-996-4	0	Ursa,_Illinois	1
table-0005-645-8	0	Category:Jct_template_transclusions_with_missing_shields	1
table-1145-659-31	0	Eastern_Europe	1
table-1351-812-42	0	Democratic	1
table-0530-567-1	0	1992-03-06	1
table-1221-923-6	0	Laurence_Olivier	1
table-1152-407-10	0	Ngai_Hung_魏虹	1
table-1152-407-10	0	Tracy	1
table-1152-407-10	0	Betty	1
table-1152-407-10	0	Tse_Ping-Yee_謝蘋兒	1
table-1152-407-10	0	Lee_Tsz_Yan_李芷欣	1
table-1152-407-10	0	Fok_Tsang-Nei_(Jenny)_霍珍妮	1
table-1152-407-10	0	Wong_Wai_(Jessie)_王慧	1
table-1152-407-10	0	Princess_Chun_Huai_晉懷公主	1
table-1152-407-10	0	Shek_Kam-Yin_石敢言	1
table-0677-841-20	0	DEN/KDEN	1
table-0853-835-1	0	m_(ft)	1
table-0853-835-1	0	148	1
table-0245-976-158	0	89.3_FM	1
table-0245-976-158	0	88.1_FM	1
table-0245-976-158	0	89.5_FM	1
table-0550-442-38	0	2006	1
table-0550-442-38	0	2005	1
table-0550-442-38	0	(12th)	1
table-0692-716-5	0	Private	1
table-1164-445-3	0	Spain	1
table-1414-366-5	0	Soviet_Union	1
table-1513-721-5	0	Canada	1
table-1513-721-5	0	43,178	1
table-0037-691-6	0	Ling_Choi_Dip_凌彩蝶	1
table-0037-691-6	0	Cheng_Yuet-Fung_(鄭月鳳)	1
table-0037-691-6	0	Lau_Fuk_Mui_(Bobo)_劉福梅	1
table-0037-691-6	0	Luk_Lai_Kuen_陸麗娟	1
table-0037-691-6	0	Hung_Siu-Lan_洪小蘭	1
table-0037-691-6	0	On_Kei_(Angel)_安琪	1
table-0037-691-6	0	So_Fei/Yeung_Choi_Lam_蘇菲/楊采琳	1
table-0037-691-6	0	Chong_Siu-Han_莊小嫻	1
table-0037-691-6	0	Shangguan_Wan'er	1
table-0891-317-2	0	1943-09-25	1
table-0891-317-2	0	1943-18-09	1
table-1057-467-12	0	95.5	1
table-1057-467-12	0	00_92.3_FM	1
table-1057-467-12	0	0_860_AM	1
table-0570-812-10	0	25,000	1
table-0570-812-10	0	35,000	1
table-0570-812-10	0	31,783	1
table-0570-812-10	0	28,500	1
table-0677-841-85	0	SIN/WSSS	1
table-1073-977-1	0	2.00	1
table-0346-863-14	0	2009	1
table-0346-863-14	0	1967-	1
table-1211-479-5	0	2008-05-02	1
table-0550-442-6	0	2000	1
table-0550-442-6	0	1999	1
table-0550-442-6	0	2001	1
table-0346-863-5	0	1957-	1
table-0481-395-14	0	Liberal	1
table-0481-395-14	0	Liberal_Party_of_Australia	1
table-1540-414-17	0	427	1
table-1597-849-0	0	4_years	1
table-0090-563-1	0	83,500	1
table-0090-563-1	0	45,500	1
table-1033-735-3	0	1993–2000	1
table-1033-735-3	0	1995	1
table-1033-735-3	0	1996	1
table-1033-735-3	0	1993-1999	1
table-1033-735-3	0	1994	1
table-0481-395-12	0	ALP	1
table-0481-395-12	0	Independent	1
table-0481-395-12	0	Labor	1
table-0481-395-12	0	Australian_Labor_Party	1
table-0853-835-4	0	m_(ft)	1
table-0853-835-4	0	140	1
table-0853-835-4	0	140_(459)	1
table-1422-378-0	0	Valid	1
table-0060-296-2	0	Lee_Yuk-han_李玉嫻	1
table-0060-296-2	0	Fu_Ting_Ling_Fung_(Chik_Nui)_呼延靈鳳_(織女)	1
table-0060-296-2	0	Yeung_Paai-fung	1
table-1414-366-4	0	Sweden	1
table-1414-366-4	0	United_States	1
table-0275-18-5	0	Arthur_Ashe	1
table-0275-18-5	0	Jimmy_Connors	1
table-0275-18-5	0	Wojciech_Fibak	1
table-0275-18-5	0	Brian_Gottfried	1
table-0275-18-5	0	Björn_Borg	1
table-0275-18-5	0	Guillermo_Vilas	1
table-0275-18-5	0	John_Lloyd_(tennis)	1
table-0275-18-5	0	Manuel_Orantes	1
table-0091-59-1	0	1980-03-01	1
table-0091-59-1	0	1980-05-01	1
table-0920-402-17	0	M._Rajesh	1
table-0920-402-17	0	Yuvan_Shankar_Raja	1
table-0091-59-7	0	1971-03-22	1
table-0066-426-5	0	Akira_Kurosawa	1
table-0453-132-1	0	Meatball	1
table-1359-116-53	0	Catherine_Lake	1
table-1359-116-53	0	Holly_Ridge	1
table-1359-116-53	0	Dixon	1
table-1359-116-53	0	Richlands	1
table-1359-116-53	0	Jacksonville,_NC	1
table-1359-116-53	0	Jacksonville	1
table-1359-116-53	0	Sneads_Ferry	1
table-0304-857-3	0	24,500	1
table-1592-92-38	0	SNK	1
table-1247-960-656	0	1992	1
table-1247-960-656	0	1991	1
table-1247-960-656	0	1989	1
table-0194-244-4	0	Golders_Green	1
table-0346-863-3	0	1957-	1
table-0981-892-11	0	Ismaïlia	1
table-0981-892-11	0	16,500	1
table-0981-892-11	0	18,525	1
table-1383-401-6	0	1907-11-16-1909-03-04	1
table-1383-401-6	0	1907–1909	1
table-0853-835-3	0	140	1
table-0371-683-11	0	1996	1
table-0371-683-11	0	03-12	1
table-0371-683-11	0	03-04	1
table-1068-214-9	0	5_years	1
table-1068-214-9	0	6_years	1
table-0888-435-14	0	United_States	1
table-0105-99-2	0	92.3MHz	1
table-0105-99-2	0	92.3_FM	1
table-1547-236-7	0	Roger_Federer	1
table-1513-721-3	0	70,028	1
table-1560-45-5	0	6,596_(4.1)	1
table-0304-857-8	0	40,217	1
table-0304-857-8	0	40,000	1
table-0304-857-8	0	20,000	1
table-0443-726-242	0	R	1
table-0443-726-242	0	Republican	1
table-1033-735-10	0	1998	1
table-1033-735-10	0	1999	1
table-1033-735-10	0	1998–2003	1
table-1033-735-10	0	2001	1
table-1033-735-10	0	2000–2001	1
table-1033-735-10	0	1998-2003	1
table-0452-576-16	0	WebHelp	1
table-1079-342-11	0	Featherweight	1
table-1631-116-0	0	Metroline	1
table-1631-116-0	0	Sullivan_Buses	1
table-1631-116-0	0	Stagecoach_London	1
table-1631-116-0	0	Arriva_London	1
table-1098-392-8	0	Oklahoma	1
table-1098-392-8	0	List_of_United_States_Senators_from_Oklahoma	1
table-0090-563-9	0	53,500_restricted_to_20,000_due_to_redevelopment	1
table-0090-563-9	0	53,500	1
table-0090-563-9	0	33,597	1
table-0090-563-9	0	36,000	1
table-0090-563-9	0	56,000	1
table-0137-367-4	0	Body_Double	1
table-0137-367-4	0	Something_Wild	1
table-0137-367-4	0	Working_Girl	1
table-0137-367-4	0	Stormy_Monday	1
table-0137-367-4	0	Married_to_the_Mob	1
table-0573-53-8	0	Day	1
table-0573-53-8	0	30	1
table-1093-977-6	0	M	1
table-1164-445-4	0	Italy	1
table-0147-453-17	0	2047-07	1
table-0147-453-17	0	2049-05	1
table-0147-453-17	0	05-10-2047-07-07	1
table-1247-960-747	0	2012-04-12	1
table-1247-960-747	0	2008-01-25	1
table-1247-960-747	0	1993	1
table-1247-960-747	0	Cannot_handle_non-empty_timestamp_argument!_21,_2008	1
table-1247-960-747	0	1996	1
table-1247-960-747	0	Cannot_handle_non-empty_timestamp_argument!_18,_2007	1
table-1247-960-747	0	1994	1
table-1247-960-747	0	Cannot_handle_non-empty_timestamp_argument!_26,_2012	1
table-1247-960-747	0	Cannot_handle_non-empty_timestamp_argument!_8,_2011	1
table-0678-839-0	0	153.70	1
table-0678-839-0	0	52	1
table-0678-839-0	0	2,575.77	1
table-0517-758-0	0	Isaac_Asimov	1
table-0060-296-3	0	Wayne_Lai_黎耀祥	1
table-0060-296-3	0	Kwan_Bing-Yan_關炳仁	1
table-0060-296-3	0	Si_Kei-Wong_史其旺	1
table-0060-296-3	0	Sheung_Chung_尚忠	1
table-0060-296-3	0	Lau_Sing_劉醒	1
table-0060-296-3	0	Tsang_Dak-Shing_曾德勝	1
table-0060-296-3	0	Yu_Ka_Sing_余家昇	1
table-0060-296-3	0	Lee_Lik-Keung_李力強	1
table-1344-234-2	0	Alankkode_Leelakrishnan	1
table-1344-234-2	0	Snehan	1
table-1344-234-2	0	Na._Muthukumar	1
table-1344-234-2	0	Anantha_Sreeram	1
table-0808-604-5	0	United_States	1
table-0920-402-27	0	A._L._Vijay	1
table-0920-402-27	0	G._V._Prakash_Kumar	1
table-0275-18-7	0	Eliot_Teltscher	1
table-0275-18-7	0	Wojciech_Fibak	1
table-0275-18-7	0	Harold_Solomon	1
table-0275-18-7	0	Brian_Gottfried	1
table-0275-18-7	0	Bob_Lutz_(tennis)	1
table-0275-18-7	0	Anand_Amritraj	1
table-0305-533-19	0	Francis_Preston_Blair	1
table-0305-533-19	0	Abraham_Lincoln	1
table-0450-423-11	0	http://152.94.1.85:8888/table-1033-872	1
table-0450-423-11	0	31	1
table-0874-236-4	0	Sidney_Lumet	1
table-0863-210-0	0	Foreign_Reporting	1
table-1557-406-20	0	Republican	1
table-0298-73-50	0	$94,000,000	1
table-0677-841-21	0	DUB	1
table-0677-841-21	0	EIDW	1
table-0677-841-21	0	DUB/EIDW	1
table-1247-960-84	0	2012-04-05	1
table-1247-960-84	0	2007-03-02	1
table-1247-960-84	0	Cannot_handle_non-empty_timestamp_argument!_26,_2007	1
table-0388-615-11	0	28,000	1
table-0388-615-11	0	27,500	1
table-0388-615-11	0	25,000	1
table-0388-615-11	0	28,500	1
table-0301-239-6	0	Surface-to-air_missile	1
table-0301-239-6	0	MBDA_missile_systems	1
table-0301-239-6	0	MANPADS	1
table-0105-99-1	0	106.3_FM	1
table-0105-99-1	0	106.3MHz	1
table-1359-116-14	0	Richfield	1
table-1359-116-14	0	New_London	1
table-1359-116-14	0	Albemarle,_NC	1
table-1359-116-28	0	Southern_Pines	1
table-1359-116-28	0	Carthage	1
table-1359-116-28	0	Carthage,_NC	1
table-1359-116-28	0	West_End	1
table-1359-116-28	0	Parkwood	1
table-1359-116-28	0	Vass	1
table-1359-116-28	0	Aberdeen	1
table-0304-857-10	0	20,000	1
table-1012-224-2	0	Owatonna,_Minnesota	1
table-1012-224-2	0	Roughly_Academy,_Grove,_and_Main_Sts.	1
table-1247-960-420	0	1991	1
table-1247-960-420	0	Cannot_handle_non-empty_timestamp_argument!_19,_2008	1
table-0667-1-0	0	Male	1
table-1344-234-0	0	Krishna_Chaitanya_(lyricist)	1
table-1344-234-0	0	Kaviraj	1
table-1344-234-0	0	P._Vijay	1
table-1344-234-0	0	Sirivennela_Seetharama_Sastry	1
table-1344-234-0	0	Ramajogayya_Sastry	1
table-1068-214-10	0	4_years	1
table-1057-467-9	0	90.5_FM	1
table-1615-750-3	0	Grenade	1
table-1615-750-3	0	Automatic_weapons	1
table-0090-563-10	0	20,000	1
table-0090-563-10	0	19,891	1
table-0874-236-0	0	Sean_Penn	1
table-0034-464-9	0	27,543	1
table-0034-464-9	0	1,200	1
table-1068-214-3	0	4_years	1
table-1165-220-1	0	1963-1967	1
table-1165-220-1	0	1963-1965	1
table-0245-976-15	0	105.9_FM	1
table-0245-976-15	0	0_105.9_FM	1
table-1020-478-1	0	89.3_FM	1
table-1020-478-1	0	90.7_FM	1
table-1020-478-1	0	88.1_FM	1
table-1020-478-1	0	0_89.3_FM	1
table-0356-460-7	0	AirTran,_Delta,_Southwest	1
table-0356-460-7	0	AirTran,_Delta	1
table-0356-460-7	0	AirTran,_Delta,_United	1
table-0356-460-7	0	AirTran,_Delta_Air_Lines	1
table-0356-460-7	0	Delta	1
table-0066-426-8	0	Philip_Kaufman	1
table-1211-479-4	0	1995-09-29	1
table-1522-438-9	0	2002	1
table-1557-406-17	0	Republican	1
table-1635-999-2	0	Metroline	1
table-1079-342-1	0	Lightweight	1
table-0505-888-6	0	Chart_(1984)	1
table-1566-51-2	0	2005-09-27	1
table-1566-51-2	0	2007-12-03	1
table-1566-51-2	0	2007-11-08	1
table-1020-478-5	0	105.9_FM	1
table-0346-863-4	0	1957-	1
table-0346-863-4	0	1957	1
table-0891-317-12	0	1944-12-30	1
table-0891-317-12	0	1944-30-12	1
table-0481-395-1	0	Labor	1
table-0481-395-1	0	Australian_Labor_Party	1
table-0304-857-13	0	10,000	1
table-0546-965-2	0	sweet_and_savory	1
table-0546-965-2	0	bread_or_pastry	1
table-1383-401-53	0	1937–1943	1
table-1383-401-53	0	1934	1
table-1383-401-53	0	1937-01-03-1943-01-03	1
table-1383-401-53	0	1935–1937	1
table-1383-401-53	0	1937	1
table-0371-683-31	0	1986	1
table-0371-683-31	0	10-08	1
table-1597-849-9	0	5_years	1
table-1597-849-9	0	6_years	1
table-0127-141-1	0	19	1
table-0127-141-1	0	14	1
table-0127-141-1	0	51	1
table-0127-141-1	0	5	1
table-0127-141-1	0	64	1
table-0127-141-1	0	9	1
table-0127-141-1	0	33	1
table-1566-51-8	0	2009-12-08	1
table-0504-762-7	0	1922	1
table-1560-45-2	0	11,611_(7.2)	1
table-0200-395-8	0	km_(mi)	1
table-0678-839-1	0	54	1
table-0678-839-1	0	56	1
table-0678-839-1	0	2,320.07	1
table-1020-478-6	0	106.1	1
table-1020-478-6	0	760_AM	1
table-1020-478-6	0	92.3_FM	1
table-1020-478-6	0	103.9	1
table-1020-478-6	0	95.5	1
table-1020-478-6	0	107.1	1
table-0066-426-4	0	Jim_Jarmusch	1
table-0872-377-0	0	Cannot_handle_non-empty_timestamp_argument!_16,_2009	1
table-0872-377-0	0	2009-03-16_March_16,_2009	1
table-0872-377-0	0	Cannot_handle_non-empty_timestamp_argument!_1,_2009	1
table-0872-377-0	0	2010	1
table-0872-377-0	0	2009	1
table-0025-888-8	0	MFM	1
table-1557-406-18	0	Republican	1
table-0874-236-7	0	Todd_Haynes	1
table-1221-923-1	0	Orson_Welles	1
table-0855-541-13	0	The_Hippocratic_Crush	1
table-0855-541-13	0	Survivor's_Law_II	1
table-0855-541-13	0	Into_Thin_Air	1
table-0088-440-4	0	Argentina	1
table-1221-923-9	0	Vittorio_De_Sica	1
table-1592-92-5	0	SNK_Playmore	1
table-1592-92-5	0	D4_Enterprise	1
table-0011-362-1	0	Munhwa_Broadcasting_Corporation	1
table-0517-758-2	0	Robert_A._Heinlein	1
table-0517-758-2	0	Isaac_Asimov	1
table-0517-758-2	0	Jason_Derulo	1
table-1108-811-8	0	1	1
table-1513-721-6	0	42,149	1
table-0818-804-2	0	42,922	1
table-0818-804-2	0	43,500	1
table-1635-999-0	0	London_Sovereign	1
table-1635-999-0	0	Arriva_Shires_&_Essex	1
table-1635-999-0	0	London_United	1
table-1635-999-0	0	Metroline	1
table-1635-999-0	0	Go-Ahead_London	1
table-1635-999-0	0	Abellio_London	1
table-1525-919-7	0	101.1_MHz	1
table-1550-778-16	0	R	1
table-1550-778-16	0	Republican	1
table-1550-778-16	0	Republican_Party_(United_States)	1
table-1550-778-16	0	Democratic	1
table-0808-604-25	0	Switzerland	1
table-0278-605-9	0	1975	1
table-1098-392-11	0	Alabama	1
table-1098-392-11	0	List_of_United_States_Senators_from_Alabama	1
table-0002-2-0	0	1908-10-09	1
table-0678-839-4	0	4,151.78	1
table-0678-839-4	0	188.00	1
table-0678-839-4	0	56	1
table-1098-392-6	0	Nebraska	1
table-1098-392-6	0	List_of_United_States_Senators_from_Nebraska	1
table-0025-888-6	0	HFE	1
table-0025-888-21	0	NRT	1
table-0025-888-21	0	HND	1
table-1152-407-3	0	So_Kam-lam_蘇鑑林	1
table-1152-407-3	0	Ling_Siu-Gaai_凌兆佳	1
table-1152-407-3	0	Ma_Kai-hung_馬啟雄	1
table-1152-407-3	0	Fung_Chi_Ming_馮志明	1
table-1152-407-3	0	Cheng_Jung-Bong_鄭忠邦	1
table-1152-407-3	0	Fan_Kwong-Wing_(George)_范光榮	1
table-1152-407-3	0	Ko_Wing-tai_(Ko_Fung)_高永泰_(高峰)	1
table-1152-407-3	0	Cho_Yue-Tai_曹裕泰	1
table-0060-296-7	0	Man_Ka_Hing_(Jeff)_萬家興	1
table-0060-296-7	0	Johnny	1
table-0060-296-7	0	Ye-leut_Hou-nam	1
table-1414-366-6	0	France	1
table-0853-835-2	0	147.4	1
table-0853-835-2	0	m_(ft)	1
table-0853-835-2	0	147_/_484	1
table-0853-835-2	0	147	1
table-0200-395-5	0	km_(mi)	1
table-0918-840-12	0	Largest_nuclear_test_in_history.	1
table-0390-922-292	0	1974	1
table-1615-748-2	0	Hand_grenade	1
table-1615-748-2	0	Grenade	1
table-1615-748-2	0	Improvised_explosive_device	1
table-1615-748-2	0	Improvised_Explosive_Device	1
table-0037-691-7	0	Chow_Bing_周炳	1
table-0037-691-7	0	Sun_Man-Kwan_(MK)_辛萬軍	1
table-0037-691-7	0	Leung_Kai-Yin_(OK_Boy)_梁啟言	1
table-0037-691-7	0	Shing_Ka-Tsun_(Hugo)_成家雋	1
table-0037-691-7	0	Ding_Yau_Wai_丁有維	1
table-0037-691-7	0	Sales_agent_A_經理甲	1
table-0037-691-7	0	Kwok_Fu-Kan_(Tim)_郭富勤	1
table-0037-691-7	0	Yau_Sam-shui_游三水	1
table-0037-691-7	0	Tong_Dak-Chung_唐德宗	1
table-0037-691-7	0	Gan_Kin_簡堅	1
table-0863-210-10	0	Search	1
table-0468-553-142	0	800	1
table-0468-553-142	0	31,679	1
table-1165-220-2	0	1963-1967	1
table-1165-220-2	0	1967-1971	1
table-0554-253-12	0	8,000	1
table-0554-253-12	0	6,880	1
table-1398-532-28	0	Hercules	1
table-1398-532-28	0	Deimos	1
table-1398-532-28	0	Ares	1
table-1036-570-7	0	RBS_70	1
table-1615-748-0	0	Hand_grenade	1
table-1615-748-0	0	Improvised_Explosive_Device	1
table-1615-748-0	0	Grenade	1
table-1615-748-0	0	Hostage	1
table-1615-748-0	0	Improvised_explosive_device	1
table-1615-748-0	0	Automatic_rifle	1
table-0137-367-1	0	Airport	1
table-0137-367-1	0	Lonelyhearts	1
table-0137-367-1	0	Reds	1
table-0137-367-1	0	Interiors	1
table-0204-5-0	0	2069-2011	1
table-0384-303-1	0	Bachelor_of_Arts	1
table-1152-407-11	0	Wing	1
table-1152-407-11	0	Kot_Bo-Pui_葛寶貝	1
table-1152-407-11	0	Kwan_Ling-Shan_關靈珊	1
table-1152-407-11	0	Ho_Hei_賀喜	1
table-1152-407-11	0	Chiang_Chin_蔣倩	1
table-1152-407-11	0	Wu_Ting-Yim_胡亭嫣	1
table-1152-407-11	0	Yuen_Sau_Wai_阮秀慧	1
table-1152-407-11	0	Yiu_Ling_Ling_(Cho_Ling)_姚玲玲	1
table-1152-407-11	0	Kot_Bo-Bui_葛寶貝	1
table-0715-242-3	0	Featherweight	1
table-1547-236-1	0	Juan_Martín_del_Potro	1
table-0147-453-8	0	2047-07	1
table-0147-453-8	0	2049-05	1
table-1108-811-22	0	1	1
table-1108-811-22	0	41	1
table-1108-811-22	0	20	1
table-0888-435-3	0	United_States_at_the_1936_Summer_Olympics	1
table-1358-390-2	0	Category:Jct_template_transclusions_with_missing_shields	1
table-1358-390-2	0	Highway_40	1
table-0855-541-5	0	No_Regrets	1
table-0855-541-5	0	Rosy_Business	1
table-0855-541-5	0	Scavengers'_Paradise	1
table-0855-541-7	0	Ghetto_Justice	1
table-0855-541-7	0	Gloves_Come_Off	1
table-0855-541-7	0	Under_the_Canopy_of_Love	1
table-0245-976-131	0	00_97.3_FM	1
table-0245-976-131	0	97.3	1
table-0265-741-8	0	Vietnam	1
table-0570-812-0	0	42,648	1
table-0570-812-0	0	48,650	1
table-0570-812-0	0	42,649	1
table-0570-812-0	0	46,912	1
table-0570-812-0	0	42,650	1
table-0570-812-0	0	48,000	1
table-0874-234-4	0	Luis_Buñuel	1
table-1525-919-3	0	94.7_MHz	1
table-1525-919-3	0	94.7MHz	1
table-1359-116-31	0	Erwin	1
table-1359-116-31	0	Spout_Springs	1
table-1359-116-31	0	Angier	1
table-1359-116-31	0	No_major_intersections	1
table-1359-116-31	0	Lillington	1
table-1359-116-31	0	Dunn	1
table-1211-479-6	0	1999-02-05	1
table-0127-141-3	0	37	1
table-0127-141-3	0	34	1
table-0127-141-3	0	15	1
table-0127-141-3	0	9	1
table-0127-141-3	0	21	1
table-0127-141-3	0	10	1
table-0127-141-3	0	2	1
table-0514-664-13	0	1967–1971	1
table-0514-664-13	0	1971–1975	1
table-1550-778-7	0	Democratic_Party_(United_States)	1
table-1550-778-7	0	Vacant	1
table-1550-778-7	0	Democratic	1
table-0504-762-4	0	1930	1
table-0504-762-4	0	1975	1
table-0504-762-4	0	1913	1
table-1262-947-8	0	Public	1
table-0855-541-1	0	The_Mysteries_of_Love	1
table-0855-541-1	0	La_Femme_Desperado	1
table-0855-541-1	0	Eternal_Happiness	1
table-0855-541-1	0	Thriller	1
table-0450-423-7	0	31	1
